{
  "__type__": "cc.SpriteFrame",
  "content": {
    "name": "game_resume_pressed",
    "atlas": "",
    "rect": {
      "x": 15,
      "y": 2,
      "width": 37,
      "height": 41
    },
    "offset": {
      "x": 3.5,
      "y": 0
    },
    "originalSize": {
      "width": 60,
      "height": 45
    },
    "rotated": false,
    "capInsets": [
      0,
      0,
      0,
      0
    ],
    "vertices": {
      "rawPosition": [
        -18.5,
        -20.5,
        0,
        18.5,
        -20.5,
        0,
        -18.5,
        20.5,
        0,
        18.5,
        20.5,
        0
      ],
      "indexes": [
        0,
        1,
        2,
        2,
        1,
        3
      ],
      "uv": [
        15,
        43,
        52,
        43,
        15,
        2,
        52,
        2
      ],
      "nuv": [
        0.25,
        0.044444444444444446,
        0.8666666666666667,
        0.044444444444444446,
        0.25,
        0.9555555555555556,
        0.8666666666666667,
        0.9555555555555556
      ],
      "minPos": {
        "x": -18.5,
        "y": -20.5,
        "z": 0
      },
      "maxPos": {
        "x": 18.5,
        "y": 20.5,
        "z": 0
      }
    },
    "texture": "302d5a34-8c8b-4666-a428-eb86f038cb3b@6c48a",
    "packable": true,
    "pixelsToUnit": 100,
    "pivot": {
      "x": 0.5,
      "y": 0.5
    },
    "meshType": 0
  }
}