{
  "__type__": "cc.SpriteFrame",
  "content": {
    "name": "hero_blowup_n4",
    "atlas": "",
    "rect": {
      "x": 18,
      "y": 20,
      "width": 66,
      "height": 77
    },
    "offset": {
      "x": 0,
      "y": 4.5
    },
    "originalSize": {
      "width": 102,
      "height": 126
    },
    "rotated": false,
    "capInsets": [
      0,
      0,
      0,
      0
    ],
    "vertices": {
      "rawPosition": [
        -33,
        -38.5,
        0,
        33,
        -38.5,
        0,
        -33,
        38.5,
        0,
        33,
        38.5,
        0
      ],
      "indexes": [
        0,
        1,
        2,
        2,
        1,
        3
      ],
      "uv": [
        18,
        106,
        84,
        106,
        18,
        29,
        84,
        29
      ],
      "nuv": [
        0.17647058823529413,
        0.23015873015873015,
        0.8235294117647058,
        0.23015873015873015,
        0.17647058823529413,
        0.8412698412698413,
        0.8235294117647058,
        0.8412698412698413
      ],
      "minPos": {
        "x": -33,
        "y": -38.5,
        "z": 0
      },
      "maxPos": {
        "x": 33,
        "y": 38.5,
        "z": 0
      }
    },
    "texture": "5e50254b-f721-43df-90c1-31673d83a281@6c48a",
    "packable": true,
    "pixelsToUnit": 100,
    "pivot": {
      "x": 0.5,
      "y": 0.5
    },
    "meshType": 0
  }
}