{
  "__type__": "cc.SpriteFrame",
  "content": {
    "name": "game_loading2",
    "atlas": "",
    "rect": {
      "x": 5,
      "y": 1,
      "width": 107,
      "height": 36
    },
    "offset": {
      "x": -34.5,
      "y": -0.5
    },
    "originalSize": {
      "width": 186,
      "height": 37
    },
    "rotated": false,
    "capInsets": [
      0,
      0,
      0,
      0
    ],
    "vertices": {
      "rawPosition": [
        -53.5,
        -18,
        0,
        53.5,
        -18,
        0,
        -53.5,
        18,
        0,
        53.5,
        18,
        0
      ],
      "indexes": [
        0,
        1,
        2,
        2,
        1,
        3
      ],
      "uv": [
        5,
        36,
        112,
        36,
        5,
        0,
        112,
        0
      ],
      "nuv": [
        0.026881720430107527,
        0,
        0.6021505376344086,
        0,
        0.026881720430107527,
        0.972972972972973,
        0.6021505376344086,
        0.972972972972973
      ],
      "minPos": {
        "x": -53.5,
        "y": -18,
        "z": 0
      },
      "maxPos": {
        "x": 53.5,
        "y": 18,
        "z": 0
      }
    },
    "texture": "0c90548a-8905-4213-b441-3adbdcbb1896@6c48a",
    "packable": true,
    "pixelsToUnit": 100,
    "pivot": {
      "x": 0.5,
      "y": 0.5
    },
    "meshType": 0
  }
}