{
  "__type__": "cc.SpriteFrame",
  "content": {
    "name": "enemy2",
    "atlas": "",
    "rect": {
      "x": 0,
      "y": 3,
      "width": 69,
      "height": 88
    },
    "offset": {
      "x": 0,
      "y": 2.5
    },
    "originalSize": {
      "width": 69,
      "height": 99
    },
    "rotated": false,
    "capInsets": [
      0,
      0,
      0,
      0
    ],
    "vertices": {
      "rawPosition": [
        -34.5,
        -44,
        0,
        34.5,
        -44,
        0,
        -34.5,
        44,
        0,
        34.5,
        44,
        0
      ],
      "indexes": [
        0,
        1,
        2,
        2,
        1,
        3
      ],
      "uv": [
        0,
        96,
        69,
        96,
        0,
        8,
        69,
        8
      ],
      "nuv": [
        0,
        0.08080808080808081,
        1,
        0.08080808080808081,
        0,
        0.9696969696969697,
        1,
        0.9696969696969697
      ],
      "minPos": {
        "x": -34.5,
        "y": -44,
        "z": 0
      },
      "maxPos": {
        "x": 34.5,
        "y": 44,
        "z": 0
      }
    },
    "texture": "8dfb8b1f-6aa6-4834-8cd8-b77205427e75@6c48a",
    "packable": true,
    "pixelsToUnit": 100,
    "pivot": {
      "x": 0.5,
      "y": 0.5
    },
    "meshType": 0
  }
}