{
  "__type__": "cc.SpriteFrame",
  "content": {
    "name": "enemy3_down6",
    "atlas": "",
    "rect": {
      "x": 4,
      "y": 12,
      "width": 143,
      "height": 202
    },
    "offset": {
      "x": -7.5,
      "y": 17.5
    },
    "originalSize": {
      "width": 166,
      "height": 261
    },
    "rotated": false,
    "capInsets": [
      0,
      0,
      0,
      0
    ],
    "vertices": {
      "rawPosition": [
        -71.5,
        -101,
        0,
        71.5,
        -101,
        0,
        -71.5,
        101,
        0,
        71.5,
        101,
        0
      ],
      "indexes": [
        0,
        1,
        2,
        2,
        1,
        3
      ],
      "uv": [
        4,
        249,
        147,
        249,
        4,
        47,
        147,
        47
      ],
      "nuv": [
        0.024096385542168676,
        0.18007662835249041,
        0.8855421686746988,
        0.18007662835249041,
        0.024096385542168676,
        0.9540229885057471,
        0.8855421686746988,
        0.9540229885057471
      ],
      "minPos": {
        "x": -71.5,
        "y": -101,
        "z": 0
      },
      "maxPos": {
        "x": 71.5,
        "y": 101,
        "z": 0
      }
    },
    "texture": "fb36d506-0765-46a1-a29f-3a956f157831@6c48a",
    "packable": true,
    "pixelsToUnit": 100,
    "pivot": {
      "x": 0.5,
      "y": 0.5
    },
    "meshType": 0
  }
}