{
  "__type__": "cc.SpriteFrame",
  "content": {
    "name": "enemy1_down1",
    "atlas": "",
    "rect": {
      "x": 3,
      "y": 9,
      "width": 51,
      "height": 38
    },
    "offset": {
      "x": 0,
      "y": -2.5
    },
    "originalSize": {
      "width": 57,
      "height": 51
    },
    "rotated": false,
    "capInsets": [
      0,
      0,
      0,
      0
    ],
    "vertices": {
      "rawPosition": [
        -25.5,
        -19,
        0,
        25.5,
        -19,
        0,
        -25.5,
        19,
        0,
        25.5,
        19,
        0
      ],
      "indexes": [
        0,
        1,
        2,
        2,
        1,
        3
      ],
      "uv": [
        3,
        42,
        54,
        42,
        3,
        4,
        54,
        4
      ],
      "nuv": [
        0.05263157894736842,
        0.0784313725490196,
        0.9473684210526315,
        0.0784313725490196,
        0.05263157894736842,
        0.8235294117647058,
        0.9473684210526315,
        0.8235294117647058
      ],
      "minPos": {
        "x": -25.5,
        "y": -19,
        "z": 0
      },
      "maxPos": {
        "x": 25.5,
        "y": 19,
        "z": 0
      }
    },
    "texture": "17c35753-403a-4fbd-bda2-b30d455959e7@6c48a",
    "packable": true,
    "pixelsToUnit": 100,
    "pivot": {
      "x": 0.5,
      "y": 0.5
    },
    "meshType": 0
  }
}