{
  "__type__": "cc.SpriteFrame",
  "content": {
    "name": "enemy1",
    "atlas": "",
    "rect": {
      "x": 3,
      "y": 4,
      "width": 51,
      "height": 38
    },
    "offset": {
      "x": 0,
      "y": -1.5
    },
    "originalSize": {
      "width": 57,
      "height": 43
    },
    "rotated": false,
    "capInsets": [
      0,
      0,
      0,
      0
    ],
    "vertices": {
      "rawPosition": [
        -25.5,
        -19,
        0,
        25.5,
        -19,
        0,
        -25.5,
        19,
        0,
        25.5,
        19,
        0
      ],
      "indexes": [
        0,
        1,
        2,
        2,
        1,
        3
      ],
      "uv": [
        3,
        39,
        54,
        39,
        3,
        1,
        54,
        1
      ],
      "nuv": [
        0.05263157894736842,
        0.023255813953488372,
        0.9473684210526315,
        0.023255813953488372,
        0.05263157894736842,
        0.9069767441860465,
        0.9473684210526315,
        0.9069767441860465
      ],
      "minPos": {
        "x": -25.5,
        "y": -19,
        "z": 0
      },
      "maxPos": {
        "x": 25.5,
        "y": 19,
        "z": 0
      }
    },
    "texture": "7d75a7d9-bb4b-458b-a58a-2e5ec6cfa855@6c48a",
    "packable": true,
    "pixelsToUnit": 100,
    "pivot": {
      "x": 0.5,
      "y": 0.5
    },
    "meshType": 0
  }
}