{
  "__type__": "cc.SpriteFrame",
  "content": {
    "name": "enemy3_down4",
    "atlas": "",
    "rect": {
      "x": 0,
      "y": 1,
      "width": 165,
      "height": 255
    },
    "offset": {
      "x": 0,
      "y": 2
    },
    "originalSize": {
      "width": 165,
      "height": 261
    },
    "rotated": false,
    "capInsets": [
      0,
      0,
      0,
      0
    ],
    "vertices": {
      "rawPosition": [
        -82.5,
        -127.5,
        0,
        82.5,
        -127.5,
        0,
        -82.5,
        127.5,
        0,
        82.5,
        127.5,
        0
      ],
      "indexes": [
        0,
        1,
        2,
        2,
        1,
        3
      ],
      "uv": [
        0,
        260,
        165,
        260,
        0,
        5,
        165,
        5
      ],
      "nuv": [
        0,
        0.019157088122605363,
        1,
        0.019157088122605363,
        0,
        0.9961685823754789,
        1,
        0.9961685823754789
      ],
      "minPos": {
        "x": -82.5,
        "y": -127.5,
        "z": 0
      },
      "maxPos": {
        "x": 82.5,
        "y": 127.5,
        "z": 0
      }
    },
    "texture": "fc326bb8-494d-4468-91c7-664da0482ade@6c48a",
    "packable": true,
    "pixelsToUnit": 100,
    "pivot": {
      "x": 0.5,
      "y": 0.5
    },
    "meshType": 0
  }
}