{
  "__type__": "cc.SpriteFrame",
  "content": {
    "name": "ufo2",
    "atlas": "",
    "rect": {
      "x": 0,
      "y": 2,
      "width": 59,
      "height": 103
    },
    "offset": {
      "x": -0.5,
      "y": 0
    },
    "originalSize": {
      "width": 60,
      "height": 107
    },
    "rotated": false,
    "capInsets": [
      0,
      0,
      0,
      0
    ],
    "vertices": {
      "rawPosition": [
        -29.5,
        -51.5,
        0,
        29.5,
        -51.5,
        0,
        -29.5,
        51.5,
        0,
        29.5,
        51.5,
        0
      ],
      "indexes": [
        0,
        1,
        2,
        2,
        1,
        3
      ],
      "uv": [
        0,
        105,
        59,
        105,
        0,
        2,
        59,
        2
      ],
      "nuv": [
        0,
        0.018691588785046728,
        0.9833333333333333,
        0.018691588785046728,
        0,
        0.9813084112149533,
        0.9833333333333333,
        0.9813084112149533
      ],
      "minPos": {
        "x": -29.5,
        "y": -51.5,
        "z": 0
      },
      "maxPos": {
        "x": 29.5,
        "y": 51.5,
        "z": 0
      }
    },
    "texture": "fd3ac97d-93b4-4d4b-8a8e-adf119a2371c@6c48a",
    "packable": true,
    "pixelsToUnit": 100,
    "pivot": {
      "x": 0.5,
      "y": 0.5
    },
    "meshType": 0
  }
}