{
  "__type__": "cc.SpriteFrame",
  "content": {
    "name": "enemy3_down3",
    "atlas": "",
    "rect": {
      "x": 0,
      "y": 1,
      "width": 165,
      "height": 255
    },
    "offset": {
      "x": 0,
      "y": 1.5
    },
    "originalSize": {
      "width": 165,
      "height": 260
    },
    "rotated": false,
    "capInsets": [
      0,
      0,
      0,
      0
    ],
    "vertices": {
      "rawPosition": [
        -82.5,
        -127.5,
        0,
        82.5,
        -127.5,
        0,
        -82.5,
        127.5,
        0,
        82.5,
        127.5,
        0
      ],
      "indexes": [
        0,
        1,
        2,
        2,
        1,
        3
      ],
      "uv": [
        0,
        259,
        165,
        259,
        0,
        4,
        165,
        4
      ],
      "nuv": [
        0,
        0.015384615384615385,
        1,
        0.015384615384615385,
        0,
        0.9961538461538462,
        1,
        0.9961538461538462
      ],
      "minPos": {
        "x": -82.5,
        "y": -127.5,
        "z": 0
      },
      "maxPos": {
        "x": 82.5,
        "y": 127.5,
        "z": 0
      }
    },
    "texture": "74407fc9-dd8b-4795-953a-23420849572e@6c48a",
    "packable": true,
    "pixelsToUnit": 100,
    "pivot": {
      "x": 0.5,
      "y": 0.5
    },
    "meshType": 0
  }
}