{
  "__type__": "cc.SpriteFrame",
  "content": {
    "name": "hero_blowup_n2",
    "atlas": "",
    "rect": {
      "x": 2,
      "y": 3,
      "width": 98,
      "height": 123
    },
    "offset": {
      "x": 0,
      "y": -1.5
    },
    "originalSize": {
      "width": 102,
      "height": 126
    },
    "rotated": false,
    "capInsets": [
      0,
      0,
      0,
      0
    ],
    "vertices": {
      "rawPosition": [
        -49,
        -61.5,
        0,
        49,
        -61.5,
        0,
        -49,
        61.5,
        0,
        49,
        61.5,
        0
      ],
      "indexes": [
        0,
        1,
        2,
        2,
        1,
        3
      ],
      "uv": [
        2,
        123,
        100,
        123,
        2,
        0,
        100,
        0
      ],
      "nuv": [
        0.0196078431372549,
        0,
        0.9803921568627451,
        0,
        0.0196078431372549,
        0.9761904761904762,
        0.9803921568627451,
        0.9761904761904762
      ],
      "minPos": {
        "x": -49,
        "y": -61.5,
        "z": 0
      },
      "maxPos": {
        "x": 49,
        "y": 61.5,
        "z": 0
      }
    },
    "texture": "5fb4c51f-7e46-4a04-8397-f8e4d64d8317@6c48a",
    "packable": true,
    "pixelsToUnit": 100,
    "pivot": {
      "x": 0.5,
      "y": 0.5
    },
    "meshType": 0
  }
}