{
  "__type__": "cc.SpriteFrame",
  "content": {
    "name": "game_loading4",
    "atlas": "",
    "rect": {
      "x": 5,
      "y": 21,
      "width": 2,
      "height": 3
    },
    "offset": {
      "x": -51,
      "y": -8.5
    },
    "originalSize": {
      "width": 114,
      "height": 28
    },
    "rotated": false,
    "capInsets": [
      0,
      0,
      0,
      0
    ],
    "vertices": {
      "rawPosition": [
        -1,
        -1.5,
        0,
        1,
        -1.5,
        0,
        -1,
        1.5,
        0,
        1,
        1.5,
        0
      ],
      "indexes": [
        0,
        1,
        2,
        2,
        1,
        3
      ],
      "uv": [
        5,
        7,
        7,
        7,
        5,
        4,
        7,
        4
      ],
      "nuv": [
        0.043859649122807015,
        0.14285714285714285,
        0.06140350877192982,
        0.14285714285714285,
        0.043859649122807015,
        0.25,
        0.06140350877192982,
        0.25
      ],
      "minPos": {
        "x": -1,
        "y": -1.5,
        "z": 0
      },
      "maxPos": {
        "x": 1,
        "y": 1.5,
        "z": 0
      }
    },
    "texture": "e23fd2c9-6aae-4daa-8a90-22e3636b3514@6c48a",
    "packable": true,
    "pixelsToUnit": 100,
    "pivot": {
      "x": 0.5,
      "y": 0.5
    },
    "meshType": 0
  }
}