{
  "__type__": "cc.SpriteFrame",
  "content": {
    "name": "game_pause_nor",
    "atlas": "",
    "rect": {
      "x": 9,
      "y": 1,
      "width": 41,
      "height": 44
    },
    "offset": {
      "x": -0.5,
      "y": -0.5
    },
    "originalSize": {
      "width": 60,
      "height": 45
    },
    "rotated": false,
    "capInsets": [
      0,
      0,
      0,
      0
    ],
    "vertices": {
      "rawPosition": [
        -20.5,
        -22,
        0,
        20.5,
        -22,
        0,
        -20.5,
        22,
        0,
        20.5,
        22,
        0
      ],
      "indexes": [
        0,
        1,
        2,
        2,
        1,
        3
      ],
      "uv": [
        9,
        44,
        50,
        44,
        9,
        0,
        50,
        0
      ],
      "nuv": [
        0.15,
        0,
        0.8333333333333334,
        0,
        0.15,
        0.9777777777777777,
        0.8333333333333334,
        0.9777777777777777
      ],
      "minPos": {
        "x": -20.5,
        "y": -22,
        "z": 0
      },
      "maxPos": {
        "x": 20.5,
        "y": 22,
        "z": 0
      }
    },
    "texture": "d9088c1b-dac5-43f2-be87-8d752b207b02@6c48a",
    "packable": true,
    "pixelsToUnit": 100,
    "pivot": {
      "x": 0.5,
      "y": 0.5
    },
    "meshType": 0
  }
}