{
  "__type__": "cc.SpriteFrame",
  "content": {
    "name": "enemy2_down2",
    "atlas": "",
    "rect": {
      "x": 0,
      "y": 1,
      "width": 69,
      "height": 93
    },
    "offset": {
      "x": 0,
      "y": 0
    },
    "originalSize": {
      "width": 69,
      "height": 95
    },
    "rotated": false,
    "capInsets": [
      0,
      0,
      0,
      0
    ],
    "vertices": {
      "rawPosition": [
        -34.5,
        -46.5,
        0,
        34.5,
        -46.5,
        0,
        -34.5,
        46.5,
        0,
        34.5,
        46.5,
        0
      ],
      "indexes": [
        0,
        1,
        2,
        2,
        1,
        3
      ],
      "uv": [
        0,
        94,
        69,
        94,
        0,
        1,
        69,
        1
      ],
      "nuv": [
        0,
        0.010526315789473684,
        1,
        0.010526315789473684,
        0,
        0.9894736842105263,
        1,
        0.9894736842105263
      ],
      "minPos": {
        "x": -34.5,
        "y": -46.5,
        "z": 0
      },
      "maxPos": {
        "x": 34.5,
        "y": 46.5,
        "z": 0
      }
    },
    "texture": "091f29ab-cd3b-4d5e-97e1-85c6c2954256@6c48a",
    "packable": true,
    "pixelsToUnit": 100,
    "pivot": {
      "x": 0.5,
      "y": 0.5
    },
    "meshType": 0
  }
}