{
  "__type__": "cc.SpriteFrame",
  "content": {
    "name": "enemy2_hit",
    "atlas": "",
    "rect": {
      "x": 0,
      "y": 3,
      "width": 69,
      "height": 94
    },
    "offset": {
      "x": 0,
      "y": -0.5
    },
    "originalSize": {
      "width": 69,
      "height": 99
    },
    "rotated": false,
    "capInsets": [
      0,
      0,
      0,
      0
    ],
    "vertices": {
      "rawPosition": [
        -34.5,
        -47,
        0,
        34.5,
        -47,
        0,
        -34.5,
        47,
        0,
        34.5,
        47,
        0
      ],
      "indexes": [
        0,
        1,
        2,
        2,
        1,
        3
      ],
      "uv": [
        0,
        96,
        69,
        96,
        0,
        2,
        69,
        2
      ],
      "nuv": [
        0,
        0.020202020202020204,
        1,
        0.020202020202020204,
        0,
        0.9696969696969697,
        1,
        0.9696969696969697
      ],
      "minPos": {
        "x": -34.5,
        "y": -47,
        "z": 0
      },
      "maxPos": {
        "x": 34.5,
        "y": 47,
        "z": 0
      }
    },
    "texture": "24e16570-a414-4b73-b849-1d31d284e083@6c48a",
    "packable": true,
    "pixelsToUnit": 100,
    "pivot": {
      "x": 0.5,
      "y": 0.5
    },
    "meshType": 0
  }
}