{
  "__type__": "cc.SpriteFrame",
  "content": {
    "name": "btn_finish",
    "atlas": "",
    "rect": {
      "x": 5,
      "y": 0,
      "width": 140,
      "height": 47
    },
    "offset": {
      "x": 0,
      "y": 0.5
    },
    "originalSize": {
      "width": 150,
      "height": 48
    },
    "rotated": false,
    "capInsets": [
      0,
      0,
      0,
      0
    ],
    "vertices": {
      "rawPosition": [
        -70,
        -23.5,
        0,
        70,
        -23.5,
        0,
        -70,
        23.5,
        0,
        70,
        23.5,
        0
      ],
      "indexes": [
        0,
        1,
        2,
        2,
        1,
        3
      ],
      "uv": [
        5,
        48,
        145,
        48,
        5,
        1,
        145,
        1
      ],
      "nuv": [
        0.03333333333333333,
        0.020833333333333332,
        0.9666666666666667,
        0.020833333333333332,
        0.03333333333333333,
        1,
        0.9666666666666667,
        1
      ],
      "minPos": {
        "x": -70,
        "y": -23.5,
        "z": 0
      },
      "maxPos": {
        "x": 70,
        "y": 23.5,
        "z": 0
      }
    },
    "texture": "3edaaafb-ac2c-4e53-8914-76dd74773214@6c48a",
    "packable": true,
    "pixelsToUnit": 100,
    "pivot": {
      "x": 0.5,
      "y": 0.5
    },
    "meshType": 0
  }
}