{
  "__type__": "cc.SpriteFrame",
  "content": {
    "name": "enemy3_n1",
    "atlas": "",
    "rect": {
      "x": 2,
      "y": 2,
      "width": 165,
      "height": 246
    },
    "offset": {
      "x": 0,
      "y": 4
    },
    "originalSize": {
      "width": 169,
      "height": 258
    },
    "rotated": false,
    "capInsets": [
      0,
      0,
      0,
      0
    ],
    "vertices": {
      "rawPosition": [
        -82.5,
        -123,
        0,
        82.5,
        -123,
        0,
        -82.5,
        123,
        0,
        82.5,
        123,
        0
      ],
      "indexes": [
        0,
        1,
        2,
        2,
        1,
        3
      ],
      "uv": [
        2,
        256,
        167,
        256,
        2,
        10,
        167,
        10
      ],
      "nuv": [
        0.011834319526627219,
        0.03875968992248062,
        0.9881656804733728,
        0.03875968992248062,
        0.011834319526627219,
        0.9922480620155039,
        0.9881656804733728,
        0.9922480620155039
      ],
      "minPos": {
        "x": -82.5,
        "y": -123,
        "z": 0
      },
      "maxPos": {
        "x": 82.5,
        "y": 123,
        "z": 0
      }
    },
    "texture": "f1bfd15a-0459-46b6-9bb6-1799bcb320c8@6c48a",
    "packable": true,
    "pixelsToUnit": 100,
    "pivot": {
      "x": 0.5,
      "y": 0.5
    },
    "meshType": 0
  }
}