{
  "__type__": "cc.SpriteFrame",
  "content": {
    "name": "enemy3_n2",
    "atlas": "",
    "rect": {
      "x": 2,
      "y": 2,
      "width": 165,
      "height": 249
    },
    "offset": {
      "x": 0,
      "y": 2.5
    },
    "originalSize": {
      "width": 169,
      "height": 258
    },
    "rotated": false,
    "capInsets": [
      0,
      0,
      0,
      0
    ],
    "vertices": {
      "rawPosition": [
        -82.5,
        -124.5,
        0,
        82.5,
        -124.5,
        0,
        -82.5,
        124.5,
        0,
        82.5,
        124.5,
        0
      ],
      "indexes": [
        0,
        1,
        2,
        2,
        1,
        3
      ],
      "uv": [
        2,
        256,
        167,
        256,
        2,
        7,
        167,
        7
      ],
      "nuv": [
        0.011834319526627219,
        0.027131782945736434,
        0.9881656804733728,
        0.027131782945736434,
        0.011834319526627219,
        0.9922480620155039,
        0.9881656804733728,
        0.9922480620155039
      ],
      "minPos": {
        "x": -82.5,
        "y": -124.5,
        "z": 0
      },
      "maxPos": {
        "x": 82.5,
        "y": 124.5,
        "z": 0
      }
    },
    "texture": "e77e4e9d-a1a4-455b-8fd3-15a15240dc82@6c48a",
    "packable": true,
    "pixelsToUnit": 100,
    "pivot": {
      "x": 0.5,
      "y": 0.5
    },
    "meshType": 0
  }
}