{
  "__type__": "cc.SpriteFrame",
  "content": {
    "name": "game_loading1",
    "atlas": "",
    "rect": {
      "x": 0,
      "y": 1,
      "width": 47,
      "height": 36
    },
    "offset": {
      "x": -69.5,
      "y": 0
    },
    "originalSize": {
      "width": 186,
      "height": 38
    },
    "rotated": false,
    "capInsets": [
      0,
      0,
      0,
      0
    ],
    "vertices": {
      "rawPosition": [
        -23.5,
        -18,
        0,
        23.5,
        -18,
        0,
        -23.5,
        18,
        0,
        23.5,
        18,
        0
      ],
      "indexes": [
        0,
        1,
        2,
        2,
        1,
        3
      ],
      "uv": [
        0,
        37,
        47,
        37,
        0,
        1,
        47,
        1
      ],
      "nuv": [
        0,
        0.02631578947368421,
        0.25268817204301075,
        0.02631578947368421,
        0,
        0.9736842105263158,
        0.25268817204301075,
        0.9736842105263158
      ],
      "minPos": {
        "x": -23.5,
        "y": -18,
        "z": 0
      },
      "maxPos": {
        "x": 23.5,
        "y": 18,
        "z": 0
      }
    },
    "texture": "227e3eb3-cc4b-4940-8f2d-c6c1be2de407@6c48a",
    "packable": true,
    "pixelsToUnit": 100,
    "pivot": {
      "x": 0.5,
      "y": 0.5
    },
    "meshType": 0
  }
}