{
  "__type__": "cc.SpriteFrame",
  "content": {
    "name": "hero1",
    "atlas": "",
    "rect": {
      "x": 2,
      "y": 2,
      "width": 99,
      "height": 123
    },
    "offset": {
      "x": 0.5,
      "y": -0.5
    },
    "originalSize": {
      "width": 102,
      "height": 126
    },
    "rotated": false,
    "capInsets": [
      0,
      0,
      0,
      0
    ],
    "vertices": {
      "rawPosition": [
        -49.5,
        -61.5,
        0,
        49.5,
        -61.5,
        0,
        -49.5,
        61.5,
        0,
        49.5,
        61.5,
        0
      ],
      "indexes": [
        0,
        1,
        2,
        2,
        1,
        3
      ],
      "uv": [
        2,
        124,
        101,
        124,
        2,
        1,
        101,
        1
      ],
      "nuv": [
        0.0196078431372549,
        0.007936507936507936,
        0.9901960784313726,
        0.007936507936507936,
        0.0196078431372549,
        0.9841269841269841,
        0.9901960784313726,
        0.9841269841269841
      ],
      "minPos": {
        "x": -49.5,
        "y": -61.5,
        "z": 0
      },
      "maxPos": {
        "x": 49.5,
        "y": 61.5,
        "z": 0
      }
    },
    "texture": "91e0153d-58f3-4fc7-b5db-b69359da864b@6c48a",
    "packable": true,
    "pixelsToUnit": 100,
    "pivot": {
      "x": 0.5,
      "y": 0.5
    },
    "meshType": 0
  }
}