{
  "__type__": "cc.SpriteFrame",
  "content": {
    "name": "enemy3_down5",
    "atlas": "",
    "rect": {
      "x": 0,
      "y": 0,
      "width": 166,
      "height": 255
    },
    "offset": {
      "x": 0,
      "y": 2.5
    },
    "originalSize": {
      "width": 166,
      "height": 260
    },
    "rotated": false,
    "capInsets": [
      0,
      0,
      0,
      0
    ],
    "vertices": {
      "rawPosition": [
        -83,
        -127.5,
        0,
        83,
        -127.5,
        0,
        -83,
        127.5,
        0,
        83,
        127.5,
        0
      ],
      "indexes": [
        0,
        1,
        2,
        2,
        1,
        3
      ],
      "uv": [
        0,
        260,
        166,
        260,
        0,
        5,
        166,
        5
      ],
      "nuv": [
        0,
        0.019230769230769232,
        1,
        0.019230769230769232,
        0,
        1,
        1,
        1
      ],
      "minPos": {
        "x": -83,
        "y": -127.5,
        "z": 0
      },
      "maxPos": {
        "x": 83,
        "y": 127.5,
        "z": 0
      }
    },
    "texture": "8b07c40c-db49-4a9f-9bc3-a4e2e028b867@6c48a",
    "packable": true,
    "pixelsToUnit": 100,
    "pivot": {
      "x": 0.5,
      "y": 0.5
    },
    "meshType": 0
  }
}