{
  "__type__": "cc.SpriteFrame",
  "content": {
    "name": "bomb",
    "atlas": "",
    "rect": {
      "x": 1,
      "y": 2,
      "width": 62,
      "height": 53
    },
    "offset": {
      "x": 0.5,
      "y": 0
    },
    "originalSize": {
      "width": 63,
      "height": 57
    },
    "rotated": false,
    "capInsets": [
      0,
      0,
      0,
      0
    ],
    "vertices": {
      "rawPosition": [
        -31,
        -26.5,
        0,
        31,
        -26.5,
        0,
        -31,
        26.5,
        0,
        31,
        26.5,
        0
      ],
      "indexes": [
        0,
        1,
        2,
        2,
        1,
        3
      ],
      "uv": [
        1,
        55,
        63,
        55,
        1,
        2,
        63,
        2
      ],
      "nuv": [
        0.015873015873015872,
        0.03508771929824561,
        1,
        0.03508771929824561,
        0.015873015873015872,
        0.9649122807017544,
        1,
        0.9649122807017544
      ],
      "minPos": {
        "x": -31,
        "y": -26.5,
        "z": 0
      },
      "maxPos": {
        "x": 31,
        "y": 26.5,
        "z": 0
      }
    },
    "texture": "faec4faa-8b72-4cc5-a06f-ab819229a0ba@6c48a",
    "packable": true,
    "pixelsToUnit": 100,
    "pivot": {
      "x": 0.5,
      "y": 0.5
    },
    "meshType": 0
  }
}