{
  "__type__": "cc.SpriteFrame",
  "content": {
    "name": "shoot_copyright",
    "atlas": "",
    "rect": {
      "x": 6,
      "y": 34,
      "width": 428,
      "height": 188
    },
    "offset": {
      "x": -0.5,
      "y": -15.5
    },
    "originalSize": {
      "width": 441,
      "height": 225
    },
    "rotated": false,
    "capInsets": [
      0,
      0,
      0,
      0
    ],
    "vertices": {
      "rawPosition": [
        -214,
        -94,
        0,
        214,
        -94,
        0,
        -214,
        94,
        0,
        214,
        94,
        0
      ],
      "indexes": [
        0,
        1,
        2,
        2,
        1,
        3
      ],
      "uv": [
        6,
        191,
        434,
        191,
        6,
        3,
        434,
        3
      ],
      "nuv": [
        0.013605442176870748,
        0.013333333333333334,
        0.9841269841269841,
        0.013333333333333334,
        0.013605442176870748,
        0.8488888888888889,
        0.9841269841269841,
        0.8488888888888889
      ],
      "minPos": {
        "x": -214,
        "y": -94,
        "z": 0
      },
      "maxPos": {
        "x": 214,
        "y": 94,
        "z": 0
      }
    },
    "texture": "9293c8b9-0c81-4076-9845-638b01d935e3@6c48a",
    "packable": true,
    "pixelsToUnit": 100,
    "pivot": {
      "x": 0.5,
      "y": 0.5
    },
    "meshType": 0
  }
}