{
  "__type__": "cc.SpriteFrame",
  "content": {
    "name": "enemy3_down1",
    "atlas": "",
    "rect": {
      "x": 0,
      "y": 2,
      "width": 165,
      "height": 255
    },
    "offset": {
      "x": 0,
      "y": 1
    },
    "originalSize": {
      "width": 165,
      "height": 261
    },
    "rotated": false,
    "capInsets": [
      0,
      0,
      0,
      0
    ],
    "vertices": {
      "rawPosition": [
        -82.5,
        -127.5,
        0,
        82.5,
        -127.5,
        0,
        -82.5,
        127.5,
        0,
        82.5,
        127.5,
        0
      ],
      "indexes": [
        0,
        1,
        2,
        2,
        1,
        3
      ],
      "uv": [
        0,
        259,
        165,
        259,
        0,
        4,
        165,
        4
      ],
      "nuv": [
        0,
        0.01532567049808429,
        1,
        0.01532567049808429,
        0,
        0.9923371647509579,
        1,
        0.9923371647509579
      ],
      "minPos": {
        "x": -82.5,
        "y": -127.5,
        "z": 0
      },
      "maxPos": {
        "x": 82.5,
        "y": 127.5,
        "z": 0
      }
    },
    "texture": "06f2b096-f286-4ae3-b823-c433244cde16@6c48a",
    "packable": true,
    "pixelsToUnit": 100,
    "pivot": {
      "x": 0.5,
      "y": 0.5
    },
    "meshType": 0
  }
}