{
  "__type__": "cc.SpriteFrame",
  "content": {
    "name": "enemy1_down4",
    "atlas": "",
    "rect": {
      "x": 6,
      "y": 9,
      "width": 46,
      "height": 39
    },
    "offset": {
      "x": 0.5,
      "y": -3
    },
    "originalSize": {
      "width": 57,
      "height": 51
    },
    "rotated": false,
    "capInsets": [
      0,
      0,
      0,
      0
    ],
    "vertices": {
      "rawPosition": [
        -23,
        -19.5,
        0,
        23,
        -19.5,
        0,
        -23,
        19.5,
        0,
        23,
        19.5,
        0
      ],
      "indexes": [
        0,
        1,
        2,
        2,
        1,
        3
      ],
      "uv": [
        6,
        42,
        52,
        42,
        6,
        3,
        52,
        3
      ],
      "nuv": [
        0.10526315789473684,
        0.058823529411764705,
        0.9122807017543859,
        0.058823529411764705,
        0.10526315789473684,
        0.8235294117647058,
        0.9122807017543859,
        0.8235294117647058
      ],
      "minPos": {
        "x": -23,
        "y": -19.5,
        "z": 0
      },
      "maxPos": {
        "x": 23,
        "y": 19.5,
        "z": 0
      }
    },
    "texture": "8a8d86b6-201e-4cb8-80b3-948d83582986@6c48a",
    "packable": true,
    "pixelsToUnit": 100,
    "pivot": {
      "x": 0.5,
      "y": 0.5
    },
    "meshType": 0
  }
}