{
  "__type__": "cc.SpriteFrame",
  "content": {
    "name": "game_loading3",
    "atlas": "",
    "rect": {
      "x": 10,
      "y": 1,
      "width": 175,
      "height": 36
    },
    "offset": {
      "x": 4.5,
      "y": 0
    },
    "originalSize": {
      "width": 186,
      "height": 38
    },
    "rotated": false,
    "capInsets": [
      0,
      0,
      0,
      0
    ],
    "vertices": {
      "rawPosition": [
        -87.5,
        -18,
        0,
        87.5,
        -18,
        0,
        -87.5,
        18,
        0,
        87.5,
        18,
        0
      ],
      "indexes": [
        0,
        1,
        2,
        2,
        1,
        3
      ],
      "uv": [
        10,
        37,
        185,
        37,
        10,
        1,
        185,
        1
      ],
      "nuv": [
        0.053763440860215055,
        0.02631578947368421,
        0.9946236559139785,
        0.02631578947368421,
        0.053763440860215055,
        0.9736842105263158,
        0.9946236559139785,
        0.9736842105263158
      ],
      "minPos": {
        "x": -87.5,
        "y": -18,
        "z": 0
      },
      "maxPos": {
        "x": 87.5,
        "y": 18,
        "z": 0
      }
    },
    "texture": "b43cac57-07d5-47ca-ae43-bd8364c97bdc@6c48a",
    "packable": true,
    "pixelsToUnit": 100,
    "pivot": {
      "x": 0.5,
      "y": 0.5
    },
    "meshType": 0
  }
}